Player,Credits,Role,Team,Innings,Runs,Balls Faced,Fours,Sixes,Batting Average,Strike Rate,Boundary_Percentage,Innings_X,Balls Bowled,Runs_Conceded,Wickets,Bowling  Average,Economy Rate,Bowling  Strike_rate,TOTAL DREAM 11 POINTS,Dream11_Avg,Fantasy Performance Rating,Overall_Impact_Score
Ruturaj Gaikwad,9,Batter,Chennai Super Kings,65,2380,1739,217,91,41.75,136.8602645,59.41176471,0,0,0,0,0,0,0,3802,58.49230769,1.630694813,3257.274295
Ravindra Jadeja,8.5,All-rounder,Chennai Super Kings,184,2959,2281,215,107,27.4,129.7238053,50.76039202,211,3829,4864,160,30.4,7.62,23.93,8461,40.09952607,0.639578113,7800.427399
Matheesha Pathirana,8.5,Bowler,Chennai Super Kings,0,0,0,0,0,0,0,0,20,451,592,34,17.41,7.88,13.26,844,42.2,0.752764624,810.6
Shivam Dube,8,Batter,Chennai Super Kings,61,1502,1024,86,101,30.04,146.6796875,63.24900133,14,112,180,5,36,9.64,22.4,2579,42.27868852,0.757004848,2279.928906
MS Dhoni,7,Batter/Wicketkeeper,Chennai Super Kings,229,5243,3812,363,252,39.13,137.5393494,56.53251955,0,0,0,0,0,0,0,8215,35.87336245,0.411846308,7211.188089
Devon Conway,8,Batter/Wicketkeeper,Chennai Super Kings,22,924,654,99,30,48.63,141.2844037,62.33766234,0,0,0,0,0,0,0,1508,68.54545455,2.172420472,1305.46789
Rahul Tripathi,7.5,Batter,Chennai Super Kings,93,2236,1605,223,84,26.94,139.3146417,62.43291592,1,6,12,0,0,12,0,3630,39.03225806,0.582067119,3055.075388
Rachin Ravindra,8,Batter,Chennai Super Kings,10,222,138,22,12,22.2,160.8695652,72.07207207,2,12,7,0,0,3.5,0,392,39.2,0.591106091,339.6304347
Ravichandran Ashwin,8,All-rounder,Chennai Super Kings,94,800,675,61,28,13.33,118.5185185,51.5,208,4524,5369,180,29.83,7.12,25.13,5712,27.46153846,-0.041434734,5412.548148
Syed Khaleel Ahmed,7.5,Bowler,Chennai Super Kings,5,1,7,0,0,0.2,14.28571429,0,57,1276,1881,74,25.42,8.84,17.24,1845,32.36842105,0.222978413,1805.942857
Noor Ahmad,7.5,Bowler,Chennai Super Kings,7,13,18,2,0,3.25,72.22222222,61.53846154,23,492,659,24,27.46,8.04,20.5,621,27,-0.066305278,569.1888889
Vijay Shankar,6.5,Batter,Chennai Super Kings,60,1115,859,80,45,25.34,129.8020955,52.91479821,22,238,344,9,38.22,8.67,26.44,1930,32.16666667,0.212106641,1628.943365
Sam Curran,7.5,All-rounder,Chennai Super Kings,48,883,647,74,37,25.23,136.4760433,58.66364666,58,1181,1900,58,32.76,9.65,20.36,2853,49.18965517,1.129410426,2606.833462
Shaik Rasheed,5,Batter,Chennai Super Kings,0,0,0,0,0,0,0,0,0,0,0,0,0,0,0,0,0,-1.521232078,0
Anshul Kamboj,6,Bowler,Chennai Super Kings,1,2,2,0,0,0,100,0,3,60,114,2,57,11.4,30,48,16,-0.659053233,-5
Mukesh Choudhary,6.5,Bowler,Chennai Super Kings,2,6,6,1,0,6,100,66.66666667,14,279,451,16,28.19,9.7,17.44,410,29.28571429,0.056863129,357.5
Deepak Hooda,7,Batter,Chennai Super Kings,96,1465,1131,96,61,18.31,129.5313882,51.19453925,33,373,531,10,53.1,8.54,37.3,2465,25.67708333,-0.137592201,2104.934837
Gurjapneet Singh,6,Bowler,Chennai Super Kings,0,0,0,0,0,0,0,0,0,0,0,0,0,0,0,0,0,-1.521232078,0
Nathan Ellis,7,Bowler,Chennai Super Kings,5,19,25,0,1,4.75,76,31.57894737,16,354,508,18,28.22,8.61,19.67,475,29.6875,0.078513825,421.39
Ramakrishna Ghosh,5.5,All-rounder,Chennai Super Kings,0,0,0,0,0,0,0,0,0,0,0,0,0,0,0,0,0,-1.521232078,0
Kamlesh Nagarkoti,6,Bowler,Chennai Super Kings,7,22,33,1,0,5.5,66.66666667,18.18181818,11,180,285,5,57,9.5,36,149,13.54545455,-0.791319306,92.16666667
Jamie Overton,6.5,All-rounder,Chennai Super Kings,8,50,47,3,1,8.33,106.3829787,36,8,136,186,11,16.91,8.21,12.36,343,42.875,0.789137794,287.1414894
Shreyas Gopal,6.5,Bowler,Chennai Super Kings,22,180,169,19,2,12.86,106.5088757,48.88888889,51,991,1348,52,25.92,8.16,19.06,1568,30.74509804,0.135503741,1450.915976
Vansh Bedi,5,Batter/Wicketkeeper,Chennai Super Kings,0,0,0,0,0,0,0,0,0,0,0,0,0,0,0,0,0,-1.521232078,0
C Andre Siddarth,5.5,Batter,Chennai Super Kings,0,0,0,0,0,0,0,0,0,0,0,0,0,0,0,0,0,-1.521232078,0
Axar Patel,9,Bowler,Delhi Capitals,113,1653,1263,107,79,21.47,130.8788599,54.56745312,148,3099,3758,123,30.55,7.28,25.2,5632,38.05405405,0.529355444,5202.027554
Kuldeep Yadav,8.5,Bowler,Delhi Capitals,33,183,216,16,3,15.25,84.72222222,44.80874317,82,1746,2388,87,27.45,8.21,20.07,2440,29.75609756,0.082210285,2288.991667
Tristan Stubbs,8,Batter,Delhi Capitals,17,405,233,26,26,36.82,173.8197425,64.19753086,3,24,29,4,7.25,7.25,6,771,45.35294118,0.922664573,767.7199571
Abishek Porel,6.5,Batter/Wicketkeeper,Delhi Capitals,16,360,236,37,15,25.71,152.5423729,66.11111111,0,0,0,0,0,0,0,608,38,0.526442678,549.1525424
Mitchell Starc,8.5,Bowler,Delhi Capitals,17,105,109,11,0,11.67,96.33027523,41.9047619,39,831,1137,51,22.29,8.21,16.29,1424,36.51282051,0.44630426,1335.096789
KL Rahul,9,Batter/Wicketkeeper,Delhi Capitals,123,4683,3479,400,187,45.47,134.6076459,58.12513346,0,0,0,0,0,0,0,7413,60.26829268,1.726395856,6303.676057
Jake Fraser-Mcgurk,7.5,Batter,Delhi Capitals,9,330,141,32,28,36.67,234.0425532,89.6969697,0,0,0,0,0,0,0,638,70.88888889,2.298699191,772.3404256
T Natarajan,7.5,Bowler,Delhi Capitals,4,3,5,0,0,0,60,0,61,1337,1969,67,29.39,8.84,19.96,1676,27.47540984,-0.040687259,1632.6
Karun Nair,7,Batter,Delhi Capitals,68,1496,1171,161,39,23.75,127.7540564,58.68983957,0,0,0,0,0,0,0,2380,35,0.364784144,1911.200684
Faf du Plessis,8.5,Batter,Delhi Capitals,138,4571,3352,421,167,35.99,136.3663484,58.76175891,1,6,16,0,0,16,0,7253,52.55797101,1.310916092,6153.305785
Mohit Sharma,7.5,Bowler,Delhi Capitals,31,124,133,8,4,7.29,93.23308271,45.16129032,111,2253,3256,132,24.67,8.67,17.07,3480,31.35135135,0.168172415,3372.259023
Ashutosh Sharma,7,Batter,Delhi Capitals,9,189,113,10,15,27,167.2566372,68.78306878,0,0,0,0,0,0,0,329,36.55555556,0.448607088,316.1150443
Sameer Rizvi,6.5,Batter,Delhi Capitals,5,51,43,4,2,12.75,118.6046512,54.90196078,0,0,0,0,0,0,0,85,17,-0.605167056,60.48837211
Mukesh Kumar,7,Bowler,Delhi Capitals,5,10,18,0,0,10,55.55555556,0,20,399,694,24,28.92,10.44,16.63,604,30.2,0.106130491,553.3555556
Darshan Nalkande,6.5,Bowler,Delhi Capitals,2,12,12,0,1,6,100,50,6,84,148,6,24.67,10.57,14,166,27.66666667,-0.030381159,109.15
Vipraj Nigam,5,Bowler,Delhi Capitals,0,0,0,0,0,0,0,0,0,0,0,0,0,0,0,0,0,-1.521232078,0
Dushmantha Chameera,7,Bowler,Delhi Capitals,8,43,28,3,3,10.75,153.5714286,69.76744186,13,282,432,9,48,9.19,31.33,302,23.23076923,-0.269414717,245.0857143
Donovan Ferreira,7,Batter,Delhi Capitals,0,0,0,0,0,0,0,0,0,0,0,0,0,0,0,0,0,-1.521232078,0
Ajay Mandal,6.5,All-rounder,Delhi Capitals,0,0,0,0,0,0,0,0,0,0,0,0,0,0,0,0,0,-1.521232078,0
Manvanth Kumar,5.5,All-rounder,Delhi Capitals,0,0,0,0,0,0,0,0,0,0,0,0,0,0,0,0,0,-1.521232078,0
Madhav Tiwari,5,All-rounder,Delhi Capitals,0,0,0,0,0,0,0,0,0,0,0,0,0,0,0,0,0,-1.521232078,0
Tripurana Vijay,5.5,Bowler,Delhi Capitals,0,0,0,0,0,0,0,0,0,0,0,0,0,0,0,0,0,-1.521232078,0
Rashid Khan,9,Bowler,Gujarat Titans,60,545,337,39,38,14.73,161.7210682,70.4587156,121,2859,3252,149,21.83,6.82,19.19,4660,38.51239669,0.554053777,4572.279822
Shubman Gill,9,Batter,Gujarat Titans,100,3216,2370,310,95,37.84,135.6962025,56.28109453,0,0,0,0,0,0,0,5034,50.34,1.191398112,4363.989872
Sai Sudharsan,8,Batter,Gujarat Titans,25,1034,743,95,31,47,139.1655451,54.73887814,0,0,0,0,0,0,0,1608,64.32,1.944726877,1438.971736
Rahul Tewatia,7,All-rounder,Gujarat Titans,65,1013,752,84,47,25.33,134.7074468,61.00691017,52,843,1111,32,34.72,7.91,26.34,2433,37.43076923,0.495769007,2125.036436
Shahrukh Khan,7.5,Batter,Gujarat Titans,38,553,391,35,37,19.75,141.4322251,65.46112116,2,12,15,0,0,7.5,0,917,24.13157895,-0.220873525,744.6202048
Kagiso Rabada,8.5,Bowler,Gujarat Titans,31,206,193,16,8,12.12,106.7357513,54.36893204,80,1818,2570,117,21.97,8.48,15.54,3243,40.5375,0.663178854,3102.475648
Jos Buttler,9,Batter/Wicketkeeper,Gujarat Titans,106,3582,2428,355,161,38.11,147.5288303,66.61083194,0,0,0,0,0,0,0,5976,56.37735849,1.516728285,5284.482701
Mohammad Siraj,8,Bowler,Gujarat Titans,25,109,119,10,4,10.9,91.59663866,58.71559633,93,1958,2822,93,30.34,8.65,21.05,2498,26.86021505,-0.073837754,2381.590336
Prasidh Krishna,7.5,Bowler,Gujarat Titans,10,9,24,0,0,3,37.5,0,51,1145,1703,49,34.76,8.92,23.37,1228,24.07843137,-0.223737444,1183.775
Nishant Sindhu,6,All-rounder,Gujarat Titans,0,0,0,0,0,0,0,0,0,0,0,0,0,0,0,0,0,-1.521232078,0
Mahipal Lomror,6.5,Batter,Gujarat Titans,35,527,373,33,30,18.17,141.2868633,59.20303605,11,90,127,1,127,8.47,90,866,24.74285714,-0.187934079,727.2317696
Kumar Kushagra,5.5,Wicketkeeper/Batter,Gujarat Titans,0,0,0,0,0,0,0,0,0,0,0,0,0,0,0,0,0,-1.521232078,0
Anuj Rawat,6.5,Wicketkeeper/Batter,Gujarat Titans,21,318,267,26,14,19.88,119.1011236,59.11949686,0,0,0,0,0,0,0,512,24.38095238,-0.207435743,378.741573
Manav Suthar,6,Bowler,Gujarat Titans,0,0,0,0,0,0,0,0,0,0,0,0,0,0,0,0,0,-1.521232078,0
Washington Sundar,7,All-rounder,Gujarat Titans,40,378,325,32,9,14,116.3076923,48.14814815,58,1054,1325,37,35.81,7.54,28.49,1485,25.60344828,-0.141560112,1326.943077
Gerald Coetzee,7,Bowler,Gujarat Titans,5,14,22,0,1,3.5,63.63636364,42.85714286,10,201,341,13,26.23,10.18,15.46,341,34.1,0.316286584,283.0090909
Arshad Khan,5.5,All-rounder,Gujarat Titans,7,101,69,6,6,25.25,146.3768116,59.40594059,10,146,304,6,50.67,12.49,24.33,307,30.7,0.13307358,235.3905797
Gurnoor Brar,5.5,Bowler,Gujarat Titans,0,0,0,0,0,0,0,0,0,0,0,0,0,0,0,0,0,-1.521232078,0
Sherfane Rutherford,7,Batter,Gujarat Titans,23,428,299,26,29,25.18,143.1438127,64.95327103,3,42,72,1,72,10.29,42,731,31.7826087,0.191411225,586.2055184
R Sai Kishore,7,Bowler,Gujarat Titans,2,13,6,0,2,13,216.6666667,92.30769231,10,186,258,13,19.85,8.32,14.31,356,35.6,0.397115851,311.5666667
Ishant Sharma,7.5,Bowler,Gujarat Titans,28,57,69,4,2,9.5,82.60869565,49.12280702,110,2309,3172,92,34.48,8.24,25.1,2385,21.68181818,-0.352881769,2305.886957
Jayant Yadav,6.5,Bowler,Gujarat Titans,5,40,36,2,1,10,111.1111111,35,20,390,445,8,55.63,6.85,48.75,256,12.8,-0.831489002,210.1944444
Glenn Phillips,8,Batter,Gujarat Titans,74,1928,1372,138,91,31.1,140.5247813,56.95020747,13,128,157,6,26.17,7.36,21.33,3178,42.94594595,0.7929608,2822.517783
Karim Janat,6,All-rounder,Gujarat Titans,48,691,596,49,28,17.72,115.9395973,52.67727931,49,835,1140,42,27.14,8.19,19.88,2105,42.95918367,0.793674131,1810.192617
Kulwant Khejroliya,6,Bowler,Gujarat Titans,0,0,0,0,0,0,0,0,7,121,217,5,43.4,10.76,24.2,117,16.71428571,-0.620563106,71.2
Rinku Singh,7.5,Batter,Kolkata Knight Riders,40,893,623,67,46,30.79,143.3386838,60.91825308,0,0,0,0,0,0,0,1445,36.125,0.425406094,1280.014446
Varun Chakaravarthy,9,Bowler,Kolkata Knight Riders,12,25,46,2,0,6.25,54.34782609,32,70,1588,2002,83,24.12,7.56,19.13,2104,30.05714286,0.098432466,2050.786957
Sunil Narine,9,All-rounder,Kolkata Knight Riders,110,1534,925,164,97,17.04,165.8378378,80.70404172,175,4075,4571,180,25.39,6.73,22.64,7278,41.58857143,0.719817076,7010.302432
Andre Russell,8.5,All-rounder,Kolkata Knight Riders,105,2484,1420,170,209,29.22,174.9295775,77.85829308,112,1697,2646,115,23.01,9.36,14.76,7299,65.16964286,1.990510883,7173.450705
Harshit Rana,8,Bowler,Kolkata Knight Riders,3,2,3,0,0,1,66.66666667,0,19,385,581,25,23.24,9.05,15.4,625,32.89473684,0.25133956,581.0833333
Ramandeep Singh,7.5,All-rounder,Kolkata Knight Riders,13,170,102,8,13,28.33,166.6666667,64.70588235,4,40,63,6,10.5,9.45,6.67,434,33.38461538,0.277737242,386.0833334
Venkatesh Iyer,8,Batter,Kolkata Knight Riders,49,1326,967,121,61,31.57,137.1251293,64.1025641,9,81,143,3,47.67,10.59,27,2251,45.93877551,0.954232946,1840.329215
Quinton de Kock,8,Wicketkeeper/Batter,Kolkata Knight Riders,107,3157,2352,316,123,31.26,134.2261905,63.41463415,0,0,0,0,0,0,0,5167,48.28971963,1.080916339,4237.520834
Rahmanullah Gurbaz,7.5,Wicketkeeper/Batter,Kolkata Knight Riders,13,289,216,24,19,22.23,133.7962963,72.66435986,0,0,0,0,0,0,0,507,39,0.580328856,386.6712963
Anrich Nortje,8,Bowler,Kolkata Knight Riders,15,49,49,6,0,8.17,100,48.97959184,46,1054,1574,60,26.23,8.96,17.57,1573,34.19565217,0.321440915,1504.2
Angkrish Raghuvanshi,6.5,Batter,Kolkata Knight Riders,7,163,105,16,8,23.29,155.2380952,68.71165644,0,0,0,0,0,0,0,285,40.71428571,0.67270516,253.0380952
Vaibhav Arora,6.5,Bowler,Kolkata Knight Riders,8,9,16,0,0,4.5,56.25,0,20,383,586,19,30.84,9.18,20.16,480,24,-0.227963811,434.1625
Mayank Markande,6,Bowler,Kolkata Knight Riders,11,48,42,5,1,16,114.2857143,54.16666667,37,720,1069,37,28.89,8.91,19.46,999,27,-0.066305278,935.3071429
Rovman Powell,7,Batter,Kolkata Knight Riders,22,360,244,21,28,18.95,147.5409836,70,2,18,35,1,35,11.67,18,635,28.86363636,0.034118963,497.797541
Manish Pandey,7,Batter,Kolkata Knight Riders,159,3850,3179,334,110,29.17,121.1072664,51.84415584,0,0,0,0,0,0,0,5852,36.80503145,0.46205039,4662.629756
Spencer Johnson,6.5,Bowler,Kolkata Knight Riders,3,6,7,1,0,0,85.71428571,66.66666667,5,96,151,4,37.75,9.44,24,110,22,-0.335736167,57.94285714
Luvnith Sisodia,5.5,Batter,Kolkata Knight Riders,0,0,0,0,0,0,0,0,0,0,0,0,0,0,0,0,0,-1.521232078,0
Ajinkya Rahane,7.5,Batter,Kolkata Knight Riders,110,1534,925,164,97,17.04,165.8378378,80.70404172,175,4075,4571,180,25.39,6.73,22.64,7278,41.58857143,0.719817076,7010.302432
Anukul Roy,6,All-rounder,Kolkata Knight Riders,6,26,24,3,0,8.67,108.3333333,46.15384615,9,136,191,5,38.2,8.43,27.2,163,18.11111111,-0.545293525,111.0166667
Moeen Ali,7,All-rounder,Kolkata Knight Riders,57,1162,821,95,67,22.78,141.5347138,67.29776248,52,758,893,35,25.51,7.07,21.66,2821,49.49122807,1.145661036,2484.283374
Umran Malik,6,Bowler,Kolkata Knight Riders,6,23,16,1,2,11.5,143.75,69.56521739,26,493,772,29,26.62,9.4,17,766,29.46153846,0.066337621,711.0625
Nicholas Pooran,8.5,Wicketkeeper/Batter,Lucknow Super Giants,73,1769,1090,112,127,32.16,162.293578,68.40022612,0,0,0,0,0,0,0,2989,40.94520548,0.685148544,2870.973395
Ravi Bishnoi,8,Bowler,Lucknow Super Giants,15,32,50,2,0,4,64,25,65,1411,1836,63,29.14,7.81,22.4,1613,24.81538462,-0.184025851,1556.43
Mayank Yadav,7.5,Bowler,Lucknow Super Giants,0,0,0,0,0,0,0,0,4,73,85,7,12.14,6.99,10.43,171,42.75,0.782402022,140.05
Mohsin Khan,7,Bowler,Lucknow Super Giants,5,25,24,2,1,8.33,104.1666667,56,23,486,689,27,25.52,8.51,18,714,31.04347826,0.151582311,658.4916667
Ayush Badoni,7,Batter,Lucknow Super Giants,35,634,473,46,24,24.38,134.038055,51.73501577,5,25,36,2,18,8.64,12.5,1014,28.97142857,0.039927473,856.6012687
Rishabh Pant,9,Wicketkeeper/Batter,Lucknow Super Giants,110,3284,2205,296,154,35.31,148.9342404,64.19001218,0,0,0,0,0,0,0,5400,49.09090909,1.124089377,4891.000455
David Miller,8,Batter,Lucknow Super Giants,124,2924,2100,207,134,36.1,139.2380952,55.81395349,0,0,0,0,0,0,0,4564,36.80645161,0.462126917,4071.321904
Mitchell Marsh,8,Batter,Lucknow Super Giants,36,665,521,48,38,19.56,127.6391555,63.15789474,34,560,795,37,21.49,8.52,15.14,2010,55.83333333,1.487412848,1731.200384
Aiden Markram,8,All-rounder,Lucknow Super Giants,42,995,767,73,35,30.15,129.726206,50.45226131,14,121,172,2,86,8.53,60.5,1547,36.83333333,0.46357547,1298.12575
Avesh Khan,8,Bowler,Lucknow Super Giants,10,41,25,3,3,20.5,164,73.17073171,62,1335,1974,74,26.68,8.87,18.04,1925,31.0483871,0.151846829,1872.89
Abdul Samad,6.5,Batter,Lucknow Super Giants,40,577,395,37,36,19.23,146.0759494,63.08492201,5,54,113,2,56.5,12.56,27,987,24.675,-0.191590641,830.058228
Aryan Juyal,5.5,Wicketkeeper/Batter,Lucknow Super Giants,0,0,0,0,0,0,0,0,0,0,0,0,0,0,0,0,0,-1.521232078,0
Akash Deep,7,Bowler,Lucknow Super Giants,3,19,12,2,1,9.5,158.3333333,73.68421053,8,164,319,7,45.57,11.67,23.43,208,26,-0.120191456,146.7333333
Himmat Singh,5.5,Batter,Lucknow Super Giants,0,0,0,0,0,0,0,0,0,0,0,0,0,0,0,0,0,-1.521232078,0
M Siddharth,6,Bowler,Lucknow Super Giants,0,0,0,0,0,0,0,0,0,0,0,0,0,0,0,0,0,-1.521232078,0
Digvesh Singh,5,Bowler,Lucknow Super Giants,0,0,0,0,0,0,0,0,0,0,0,0,0,0,0,0,0,-1.521232078,0
Shahbaz Ahmed,7,All-rounder,Lucknow Super Giants,37,536,440,28,25,19.14,121.8181818,48.88059701,42,537,837,21,39.86,9.35,25.57,1323,31.5,0.176182522,1131.195454
Akash Singh,6,Bowler,Lucknow Super Giants,0,0,0,0,0,0,0,0,7,138,227,5,45.4,9.87,27.6,119,17,-0.605167056,75.65
Shamar Joseph,6.5,Bowler,Lucknow Super Giants,0,0,0,0,0,0,0,0,1,24,47,0,0,11.75,0,-10,-10,-2.060093856,-58.75
Prince Yadav,5.5,Bowler,Lucknow Super Giants,0,0,0,0,0,0,0,0,0,0,0,0,0,0,0,0,0,-1.521232078,0
Yuvraj Chaudhary,5,All-rounder,Lucknow Super Giants,0,0,0,0,0,0,0,0,0,0,0,0,0,0,0,0,0,-1.521232078,0
Rajvardhan Hangargekar,5.5,Bowler,Lucknow Super Giants,0,0,0,0,0,0,0,0,2,36,60,3,20,10,12,67,33.5,0.283954878,25
Arshin Kulkarni,6,All-rounder,Lucknow Super Giants,2,9,8,2,0,4.5,112.5,88.88888889,0,0,0,0,0,0,0,23,11.5,-0.901541033,10.125
Shardul Thakur,7.5,All-rounder,Lucknow Super Giants,37,307,221,27,13,12.28,138.9140271,60.58631922,92,1866,2869,94,30.52,9.23,19.85,2845,30.92391304,0.145139398,2730.316063
Matthew Breetzke,6.5,Batter,Lucknow Super Giants,10,151,123,13,6,16.78,122.7642276,58.2781457,0,0,0,0,0,0,0,245,24.5,-0.201020722,185.3739837
Jasprit Bumrah,9,Bowler,Mumbai Indians,30,68,78,5,1,9.71,87.17948718,38.23529412,133,3053,3716,165,22.52,7.3,18.5,4219,31.72180451,0.18813472,4147.782051
Suryakumar Yadav,9,Batter,Mumbai Indians,135,3594,2473,385,130,32.09,145.3295592,64.55203116,1,6,8,0,0,8,0,5916,43.82222222,0.84017998,5183.144358
Hardik Pandya,9,All-rounder,Mumbai Indians,128,2525,1734,189,136,28.69,145.6170704,62.25742574,93,1418,2150,64,33.59,9.1,22.16,5699,44.5234375,0.877965791,5231.331028
Rohit Sharma,9,Batter,Mumbai Indians,252,6628,5054,599,280,29.72,131.1436486,61.49668075,32,339,453,15,30.2,8.02,22.6,11081,43.97222222,0.848262906,9027.101029
Tilak Varma,8,Batter,Mumbai Indians,38,1156,790,90,58,39.86,146.3291139,61.24567474,4,22,28,0,0,7.64,0,1866,49.10526316,1.124862863,1653.364557
Trent Boult,8.5,Bowler,Mumbai Indians,27,83,78,5,3,10.38,106.4102564,45.78313253,103,2337,3230,121,26.69,8.29,19.31,3146,30.54368932,0.124650595,3071.870513
Naman Dhir,6.5,All-rounder,Mumbai Indians,7,140,79,12,10,23.33,177.2151899,77.14285714,3,28,55,0,0,11.79,0,250,35.71428571,0.403274271,189.1512659
Robin Minz,5.5,Wicketkeeper/Batter,Mumbai Indians,0,0,0,0,0,0,0,0,0,0,0,0,0,0,0,0,0,-1.521232078,0
Karn Sharma,6.5,Bowler,Mumbai Indians,40,351,294,20,17,13.5,119.3877551,51.85185185,82,1495,2087,76,27.46,8.38,19.67,2433,29.67073171,0.077610246,2277.15102
Ryan Rickelton,7.5,Batter/Wicketkeeper,Mumbai Indians,13,263,195,18,16,20.23,134.8717949,63.878327,0,0,0,0,0,0,0,439,33.76923077,0.298462695,354.7128206
Deepak Chahar,8,Bowler,Mumbai Indians,13,80,59,2,6,11.43,135.5932203,55,81,1669,2221,77,28.84,7.98,21.68,2051,25.32098765,-0.156780836,1993.574576
Mujeeb-ur-Rahman,7,Bowler,Mumbai Indians,7,12,15,2,0,4,80,66.66666667,19,434,592,19,31.16,8.18,22.84,495,26.05263158,-0.117355341,443.7
Will Jacks,7.5,All-rounder,Mumbai Indians,8,230,131,16,18,32.86,175.5725191,74.7826087,5,54,100,2,50,11.11,27,454,56.75,1.536808511,398.2667939
Ashwani Kumar,5.5,Bowler,Mumbai Indians,0,0,0,0,0,0,0,0,0,0,0,0,0,0,0,0,0,-1.521232078,0
Mitchell Santner,7.5,All-rounder,Mumbai Indians,11,70,71,4,3,11.67,98.5915493,48.57142857,18,366,422,15,28.13,6.92,24.4,481,26.72222222,-0.081273661,409.4140845
Corbin Bosch,6,All-rounder,Mumbai Indians,6,45,57,1,1,7.5,78.94736842,22.22222222,9,174,264,13,20.3,9.1,13.3,380,42.22222222,0.753962095,315.0263158
Reece Topley,6.5,Bowler,Mumbai Indians,1,3,6,0,0,0,50,0,5,102,182,5,36.4,10.71,20.4,122,24.4,-0.20640934,72.95
Shrijith Krishnan,6,Bowler,Mumbai Indians,0,0,0,0,0,0,0,0,0,0,0,0,0,0,0,0,0,-1.521232078,0
Raj Bawa,5.5,Batter,Mumbai Indians,2,11,14,1,0,5.5,78.57142857,36.36363636,0,0,0,0,0,0,0,21,10.5,-0.955427211,8.642857143
Satyanarayana Raju,5.5,Bowler,Mumbai Indians,0,0,0,0,0,0,0,0,0,0,0,0,0,0,0,0,0,-1.521232078,0
Bevon Jacobs,6,Batter,Mumbai Indians,0,0,0,0,0,0,0,0,0,0,0,0,0,0,0,0,0,-1.521232078,0
Arjun Tendulkar,5,Bowler,Mumbai Indians,1,13,9,0,1,13,144.4444444,46.15384615,5,73,114,3,38,9.37,24.33,96,19.2,-0.486617465,46.92777777
Vignesh Puthur,5,Bowler,Mumbai Indians,0,0,0,0,0,0,0,0,0,0,0,0,0,0,0,0,0,-1.521232078,0
Shashank Singh,7.5,Batter,Punjab Kings,19,423,262,33,25,35.25,161.4503817,66.66666667,3,3,25,1,25,8.33,18,734,38.63157895,0.560476053,666.2851146
Prabhsimran Singh,7.5,Batter/Wicketkeeper,Punjab Kings,34,756,517,78,41,22.24,146.2282398,73.80952381,0,0,0,0,0,0,0,1322,38.88235294,0.573989305,1105.485493
Arshdeep Singh,8.5,Bowler,Punjab Kings,12,29,40,4,0,5.8,72.5,55.17241379,65,1364,2052,76,27,9.03,17.95,1945,29.92307692,0.091208165,1875.875
Shreyas Iyer,8.5,Batter,Punjab Kings,115,3127,2453,271,113,32.24,127.4765593,56.34793732,0,0,0,0,0,0,0,4895,42.56521739,0.772444794,3986.192009
Yuzvendra Chahal,8.5,Bowler,Punjab Kings,20,37,86,0,0,5.29,43.02325581,0,159,3521,4602,205,22.25,7.84,17.18,5156,32.42767296,0.226171272,5101.718605
Marcus Stoinis,8,All-rounder,Punjab Kings,88,1866,1314,150,91,28.27,142.0091324,61.414791,62,803,1274,43,29.63,9.52,18.67,4089,46.46590909,0.98263816,3677.290411
Glenn Maxwell,8.5,All-rounder,Punjab Kings,129,2771,1768,232,160,24.74,156.7307692,68.13424756,79,944,1303,37,35.22,8.28,25.51,5588,43.31782946,0.813000181,5226.609615
Nehal Wadhera,7.5,Batter,Punjab Kings,16,350,250,32,18,23.33,140,67.42857143,1,12,13,0,0,6.5,0,590,36.875,0.465820728,457.5
Harpreet Brar,6.5,Bowler,Punjab Kings,24,233,190,19,9,21.18,122.6315789,55.79399142,39,679,895,25,35.8,7.91,27.16,988,25.33333333,-0.156115574,871.1815788
Vishnu Vinod,6.5,Wicketkeeper/Batter,Punjab Kings,6,56,57,3,3,9.33,98.24561404,53.57142857,0,0,0,0,0,0,0,92,15.33333333,-0.694977352,55.01754386
Vijaykumar Vyshak,7,Bowler,Punjab Kings,4,14,12,0,1,7,116.6666667,42.85714286,11,231,395,13,30.38,10.26,17.77,343,31.18181818,0.15903692,290.0333333
Yash Thakur,6.5,Bowler,Punjab Kings,0,0,0,0,0,0,0,0,19,404,691,24,28.79,10.26,16.83,592,31.15789474,0.157747777,548.7
Marco Jansen,8,All-rounder,Punjab Kings,13,66,66,5,2,9.43,100,48.48484848,21,450,715,20,35.75,9.53,22.5,598,28.47619048,0.013240985,518.35
Josh Inglis,7.5,Batter/Wicketkeeper,Punjab Kings,28,706,450,67,28,30.7,156.8888889,61.75637394,0,0,0,0,0,0,0,1152,41.14285714,0.695799237,1107.635556
Lockie Ferguson,7.5,Bowler,Punjab Kings,10,68,46,6,2,22.67,147.826087,52.94117647,45,955,1426,46,31,8.96,20.76,1256,27.91111111,-0.017208983,1205.721739
Azmatullah Omarzai,7.5,All-rounder,Punjab Kings,4,42,33,2,2,10,127.2727273,47.61904762,7,126,186,4,46.5,8.86,31.5,162,23.14285714,-0.274151964,109.1545455
Harnoor Pannu,5,Batter,Punjab Kings,0,0,0,0,0,0,0,0,0,0,0,0,0,0,0,0,0,-1.521232078,0
Kuldeep Sen,6,Bowler,Punjab Kings,1,0,3,0,0,0,0,0,12,241,387,14,27.64,9.63,17.21,344,28.66666667,0.023505018,301.85
Priyansh Arya,6.5,Batter,Punjab Kings,0,0,0,0,0,0,0,0,0,0,0,0,0,0,0,0,0,-1.521232078,0
Aaron Hardie,7,All-rounder,Punjab Kings,8,128,99,15,3,21.33,129.2929293,60.9375,0,0,0,0,0,0,0,212,26.5,-0.093248367,165.4949495
Suryash Shedge,5.5,All-rounder,Punjab Kings,0,0,0,0,0,0,0,0,0,0,0,0,0,0,0,0,0,-1.521232078,0
Musheer Khan,6,All-rounder,Punjab Kings,0,0,0,0,0,0,0,0,0,0,0,0,0,0,0,0,0,-1.521232078,0
Xavier Bartlett,6.5,Bowler,Punjab Kings,2,5,10,0,0,2.5,50,0,7,142,162,11,14.73,6.85,12.91,278,39.71428571,0.618818983,243.25
Pyla Avinash,5.5,Batter,Punjab Kings,0,0,0,0,0,0,0,0,0,0,0,0,0,0,0,0,0,-1.521232078,0
Praveen Dubey,6,Bowler,Punjab Kings,2,23,33,1,2,23,69.6969697,69.56521739,4,66,91,1,91,8.27,66,62,15.5,-0.685996322,-0.319696969
Sanju Samson,9,Batter/Wicketkeeper,Rajasthan Royals,163,4419,3180,352,206,30.69,138.9622642,59.8325413,0,0,0,0,0,0,0,7071,43.3803681,0.81637015,6140.742455
Yashasvi Jaiswal,9,Batter,Rajasthan Royals,52,1607,1067,198,64,32.14,150.6091846,73.17983821,1,1,6,0,0,0,0,2793,53.71153846,1.373077432,2420.289597
Riyan Parag,8,All-rounder,Rajasthan Royals,58,1173,868,84,60,24.44,135.1382488,59.33503836,21,175,307,4,76.75,10.53,43.75,1969,33.94827586,0.308110751,1632.521658
Dhruv Jurel,7.5,Batter/Wicketkeeper,Rajasthan Royals,22,347,229,29,16,23,151.5283843,61.09510086,0,0,0,0,0,0,0,569,25.86363636,-0.127539571,525.8034935
Shimron Hetmyer,7.5,Batter,Rajasthan Royals,66,1243,812,76,82,31.08,153.0788177,64.03861625,0,0,0,0,0,0,0,2049,31.04545455,0.151688805,1902.769704
Sandeep Sharma,7.5,Bowler,Rajasthan Royals,27,54,70,4,0,9,77.14285714,29.62962963,126,2822,3709,137,27.07,7.89,20.6,3495,27.73809524,-0.026532147,3427.207143
Jofra Archer,8,Bowler,Rajasthan Royals,25,199,128,12,11,15.31,155.46875,57.28643216,40,945,1171,48,24.4,7.43,19.69,1517,37.925,0.522401214,1472.232813
Mahesh Theekshana,7.5,Bowler,Rajasthan Royals,2,7,7,1,0,7,100,57.14285714,27,624,797,25,31.88,7.66,24.96,636,23.55555556,-0.251913224,593.7
Wanindu Hasaranga,8.5,All-rounder,Rajasthan Royals,14,72,73,7,1,7.2,98.63013699,47.22222222,26,552,748,35,21.37,8.13,15.77,981,37.73076923,0.511934861,905.3636986
Akash Madhwal,7,Bowler,Rajasthan Royals,1,4,5,1,0,4,80,100,13,262,424,19,22.32,9.71,13.79,483,37.15384615,0.480846681,429.65
Kumar Kartikeya Singh,6,Bowler,Rajasthan Royals,2,9,12,1,0,4.5,75,44.44444444,2,234,329,10,32.9,8.44,23.4,263,131.5,0.5648003,214.55
Nitish Rana,7.5,All-rounder,Rajasthan Royals,101,2636,1952,234,132,28.34,135.0409836,65.5538695,24,180,252,10,25.2,8.4,18,4616,45.7029703,0.941526305,3767.680328
Tushar Deshpande,7.5,Bowler,Rajasthan Royals,4,21,14,3,2,21,150,114.2857143,36,773,1243,42,29.6,9.65,18.4,1097,30.47222222,0.120799506,1033.25
Shubham Dubey,5.5,Batter,Rajasthan Royals,3,33,19,1,3,16.5,173.6842105,66.66666667,0,0,0,0,0,0,0,67,22.33333333,-0.317774107,57.31578947
Yudhvir Charak,6.5,All-rounder,Rajasthan Royals,4,22,16,0,1,5.5,137.5,27.27272727,5,72,122,4,30.5,10.17,18,128,25.6,-0.141745927,79.4
Fazalhaq Farooqi,7,Bowler,Rajasthan Royals,2,3,13,2,0,0,23.07692308,266.6666667,7,152,227,6,37.83,8.96,25.33,155,22.14285714,-0.328038141,105.8923077
Vaibhav Suryavanshi,5,Batter,Rajasthan Royals,0,0,0,0,0,0,0,0,0,0,0,0,0,0,0,0,0,-1.521232078,0
Kwena Maphaka,6,Bowler,Rajasthan Royals,0,0,0,0,0,0,0,0,2,36,89,1,89,14.83,36,13,6.5,-1.170971922,-49.15
Ashok Sharma,5,Bowler,Rajasthan Royals,0,0,0,0,0,0,0,0,0,0,0,0,0,0,0,0,0,-1.521232078,0
Kunal Singh Rathore,5,Batter/Wicketkeeper,Rajasthan Royals,0,0,0,0,0,0,0,0,0,0,0,0,0,0,0,0,0,-1.521232078,0
Virat Kohli,9,Batter,Royal Challengers Bengaluru,244,8004,6065,705,272,38.67,131.9703215,55.62218891,26,251,368,4,92,8.8,62.75,12558,51.46721311,1.252139318,10618.90453
Rajat Patidar,8,Batter,Royal Challengers Bengaluru,24,799,503,51,54,34.74,158.8469185,66.08260325,0,0,0,0,0,0,0,1337,55.70833333,1.480677076,1269.186879
Yash Dayal,7,Bowler,Royal Challengers Bengaluru,1,0,1,0,0,0,0,0,28,577,920,28,32.86,9.57,20.61,694,24.78571429,-0.185624672,652.15
Liam Livingstone,8,All-rounder,Royal Challengers Bengaluru,39,939,578,66,66,28.45,162.4567474,70.28753994,22,258,393,11,35.73,9.14,23.45,1878,48.15384615,1.073594637,1754.768858
Phil Salt,8.5,Wicketkeeper/Batter,Royal Challengers Bengaluru,21,653,372,74,34,34.37,175.5376344,76.56967841,0,0,0,0,0,0,0,1165,55.47619048,1.468167785,1146.260753
Jitesh Sharma,7.5,Batter/Wicketkeeper,Royal Challengers Bengaluru,36,730,483,53,45,22.81,151.1387164,66.02739726,0,0,0,0,0,0,0,1222,33.94444444,0.30790429,1103.31263
Josh Hazlewood,8.5,Bowler,Royal Challengers Bengaluru,6,19,28,6,1,0,67.85714286,157.8947368,27,603,810,35,23.14,8.06,17.23,922,34.14814815,0.318881104,847.5928571
Rasikh Dar,6.5,Bowler,Royal Challengers Bengaluru,6,40,40,1,5,8,100,85,11,195,339,9,37.67,10.43,21.67,297,27,-0.066305278,212.85
Suyash Sharma,6,Bowler,Royal Challengers Bengaluru,0,0,0,0,0,0,0,0,13,258,372,10,37.2,8.65,0,244,18.76923077,-0.509829972,206.75
Krunal Pandya,7.5,All-rounder,Royal Challengers Bengaluru,111,1647,1240,144,61,21.96,132.8225806,57.19489982,117,2122,2606,76,34.29,7.37,27.92,4491,38.38461538,0.547168131,4050.737902
Bhuvneshwar Kumar,8,Bowler,Royal Challengers Bengaluru,68,306,326,30,3,8.74,93.86503067,45.09803922,176,3910,4929,181,27.23,7.56,21.6,4969,28.23295455,0.00013393,4774.426994
Swapnil Singh,7,All-rounder,Royal Challengers Bengaluru,9,51,45,3,3,10.2,113.3333333,58.82352941,14,162,241,7,34.43,8.93,23.14,256,18.28571429,-0.535884827,188.15
Tim David,7.5,Batter,Royal Challengers Bengaluru,35,659,387,38,46,28.65,170.2842377,64.94688923,0,0,0,0,0,0,0,1099,31.4,0.170793904,1122.173126
Romario Shepherd,7,All-rounder,Royal Challengers Bengaluru,9,115,63,4,7,23,182.5396825,50.43478261,8,126,257,4,64.25,12.24,31.5,273,30.33333333,0.113315315,248.7206349
Nuwan Thushara,7.5,Bowler,Royal Challengers Bengaluru,0,0,0,0,0,0,0,0,7,156,257,8,32.13,9.88,19.5,194,27.71428571,-0.027815151,150.6
Manoj Bhandage,6.5,All-rounder,Royal Challengers Bengaluru,0,0,0,0,0,0,0,0,0,0,0,0,0,0,0,0,0,-1.521232078,0
Jacob Bethell,7,Batter,Royal Challengers Bengaluru,9,196,133,14,11,32.67,147.3684211,62.24489796,1,18,28,0,0,9.33,0,320,35.55555556,0.39472091,242.1921054
Devdutt Padikkal,7,Batter,Royal Challengers Bengaluru,64,1559,1266,169,42,25.15,123.1437599,59.52533675,0,0,0,0,0,0,0,2493,38.953125,0.577802941,1919.811217
Swastik Chikara,5.5,Batter,Royal Challengers Bengaluru,0,0,0,0,0,0,0,0,0,0,0,0,0,0,0,0,0,-1.521232078,0
Mohit Rathee,6,All-rounder,Royal Challengers Bengaluru,1,1,2,0,0,0,50,0,1,12,29,0,0,14.5,0,-9,-9,-2.006207678,-72
Abhinandan Singh,5,Bowler,Royal Challengers Bengaluru,0,0,0,0,0,0,0,0,0,0,0,0,0,0,0,0,0,-1.521232078,0
Lungi Ngidi,7.5,Bowler,Royal Challengers Bengaluru,0,0,0,0,0,0,0,0,14,324,448,25,17.92,8.3,12.96,619,44.21428571,0.861306783,583.5
Heinrich Klaasen,9,Batter/Wicketkeeper,Sunrisers Hyderabad,32,993,590,56,64,38.19,168.3050847,61.2286002,0,0,0,0,0,0,0,1611,50.34375,1.191600185,1671.269491
Pat Cummins,8.5,Bowler,Sunrisers Hyderabad,41,515,344,33,34,19.81,149.7093023,65.24271845,58,1319,1923,63,30.52,8.75,20.94,2428,41.86206897,0.734554813,2302.252907
Abhishek Sharma,8.5,All-rounder,Sunrisers Hyderabad,61,1376,887,128,73,25.48,155.1296505,69.04069767,26,270,389,11,35.36,8.64,24.55,2605,42.70491803,0.779972727,2366.383991
Travis Head,9,Batter,Sunrisers Hyderabad,25,772,444,76,40,36.76,173.8738739,70.46632124,6,58,113,2,56.5,11.69,29,1368,54.72,1.42741957,1333.856307
Nitish Kumar Reddy,8,All-rounder,Sunrisers Hyderabad,11,303,212,15,21,33.67,142.9245283,61.38613861,9,109,207,3,69,11.39,36.33,562,51.09090909,1.231861732,451.1113207
Mohammad Shami,8.5,Bowler,Sunrisers Hyderabad,25,74,79,6,2,5.69,93.67088608,48.64864865,110,2426,3411,127,26.86,8.44,19.1,3285,29.86363636,0.08800514,3202.116456
Harshal Patel,8,Bowler,Sunrisers Hyderabad,42,249,203,16,15,9.22,122.6600985,61.84738956,103,2161,3149,135,23.33,8.74,16.01,3778,36.67961165,0.455291996,3636.723645
Ishan Kishan,8,Wicketkeeper/Batter,Sunrisers Hyderabad,99,2644,1946,255,119,28.43,135.8684481,65.58245083,0,0,0,0,0,0,0,4386,44.3030303,0.866088889,3592.361768
Rahul Chahar,6.5,Bowler,Sunrisers Hyderabad,24,129,124,13,5,8.06,104.0322581,63.56589147,77,1664,2141,75,28.55,7.72,22.19,2086,27.09090909,-0.061406534,1970.601613
Adam Zampa,7.5,Bowler,Sunrisers Hyderabad,5,15,24,1,0,3,62.5,26.66666667,20,419,558,29,19.24,7.99,14.45,742,37.1,0.477945118,694.425
Abhinav Manohar,6.5,Batter,Sunrisers Hyderabad,15,231,174,21,10,16.5,132.7586207,62.33766234,0,0,0,0,0,0,0,383,25.53333333,-0.145338339,306.6724138
Wiann Mulder,7,All-rounder,Sunrisers Hyderabad,8,105,90,8,3,17.5,116.6666667,47.61904762,10,120,195,8,24.38,9.75,15,355,35.5,0.391727233,273.75
Atharva Taide,6.5,Batter,Sunrisers Hyderabad,9,247,168,27,8,27.44,147.0238095,63.15789474,1,1,4,0,0,0,0,411,45.66666667,0.939570041,363.1488095
Simarjeet Singh,6,Bowler,Sunrisers Hyderabad,3,7,8,0,0,7,87.5,0,10,180,259,9,28.78,8.63,20,232,23.2,-0.271072753,187.975
Zeeshan Ansari,5.5,Bowler,Sunrisers Hyderabad,0,0,0,0,0,0,0,0,0,0,0,0,0,0,0,0,0,-1.521232078,0
Jaydev Unadkat,7,Bowler,Sunrisers Hyderabad,32,197,166,16,7,12.31,118.6746988,53.8071066,104,2131,3189,99,32.21,8.98,21.53,2778,26.71153846,-0.081849368,2663.889157
Kamindu Mendis,7,Batter,Sunrisers Hyderabad,21,381,311,39,13,19.5,122.5080386,61.41732283,9,108,148,2,74,8.22,54,665,31.66666667,0.185163552,475.6556271
Aniket Verma,5,Batter,Sunrisers Hyderabad,0,0,0,0,0,0,0,0,0,0,0,0,0,0,0,0,0,-1.521232078,0
Eshan Malinga,6,Bowler,Sunrisers Hyderabad,0,0,0,0,0,0,0,0,0,0,0,0,0,0,0,0,0,-1.521232078,0
Sachin Baby,6.5,Batter,Sunrisers Hyderabad,11,144,118,11,5,16,122.0338983,51.38888889,2,10,8,2,4,4.8,5,274,24.90909091,-0.178976377,201.7288136
